Nazwa,Cena,Nominał,Stop,Rant,Producent,Waga,Średnica
Itchy and Scratchy kolorowany 1 uncja Srebra 2021 Proof,"345,00 zł",1 Dollar,Ag .9999,Ząbkowany,Perth Mint,1 uncja,"40,9 mm"
Australian Nugget: Golden Eagle 1 uncja Srebra 2021,"146,71 zł",1 AUD,Ag .9999,Ząbkowany,Perth Mint,1 uncja,"40,6 mm"
Amerykański Orzeł 1 uncja Srebra 2021 typ 2,"160,75 zł",1$,Ag .999,Ząbkowany,United States Mint,1 uncja,"40,6 mm"
Chinese Myths and Legends: Dragon kolorowany (wersja z monetą w karcie) 1 uncja Srebra 2021,"399,00 zł",1 AUD,Ag .9999,Ząbkowany,Perth Mint,1 uncja,"40,6 mm"
Chinese Myths and Legends: Dragon kolorowany 1 uncja Srebra 2021,"215,00 zł",1 AUD,Ag .9999,Ząbkowany,Perth Mint,1 uncja,"40,6 mm"
Chinese Myths and Legends: Dragon 1 uncja Srebra 2021,"146,71 zł",1 AUD,Ag .9999,Ząbkowany,Perth Mint,1 uncja,"40,6 mm"
Legendy Muzyki: THE WHO 1 uncja Srebra 2021 Proof,"549,00 zł",£2,Ag .999,Ząbkowany,The Royal Mint,1 uncja,"38,61 mm"
Amerykański Flaming 1 uncja Srebra 2021,"149,00 zł",1$,Ag .999,Ząbkowany,Pobjoy Mint,1 uncja,"38,6 mm"
Legendy Muzyki: THE WHO 1 uncja Srebra 2021,"140,76 zł",£2,Ag .999,Ząbkowany,The Royal Mint,1 uncja,"38,61 mm"
Australijski Emu 1 uncja Srebra 2021 MS 70 NGC First Day of Issue,"360,00 zł",1 AUD,Ag .9999,Ząbkowany,Perth Mint,1 uncja,"40,6 mm"
Australijskie Zoo: Gepard 1 uncja Srebra 2021,"169,00 zł",1 Dollar,Ag .999,,Royal Australian Mint,1 uncja,40 mm
Ghana: Giants of the Ice Age - Nosorożec Włochaty 1 uncja Srebra 2021,"145,00 zł",5 Cedis GHS,,Ząbkowany,Leipziger Edelmetallverarbeitung,1 uncja,"38,6 mm"
Tokelau Ryba Rozdymka 2021 - 1 oz Srebro 2021,"145,00 zł",5 $,Ag .999,Ząbkowany,,1 uncja,"38,6 mm"
Beneath the Southern Skies 1 uncja Srebra 2021,"135,72 zł",1 Dollar,Ag .9999,,Royal Australian Mint,1 uncja,40 mm
Delfiniak Malajski 1 uncja Srebra 2021,"155,00 zł",1 Dollar,Ag .999,,Royal Australian Mint,1 uncja,40 mm
Łabędź 1 uncja Srebra 2021,"189,00 zł",,Ag .9999,,Perth Mint,1 uncja,"40,6 mm"
Niue: Żółw Szylkretowy 1 uncja Srebra 2021,"155,00 zł",2$,Ag .999,Ząbkowany,New Zealand Mint,1 uncja,"40,6 mm"
Niue: Żółw Szylkretowy 1 uncja Srebra 2020,"145,00 zł",2$,Ag .999,Ząbkowany,New Zealand Mint,1 uncja,"40,6 mm"
Niue: Mechagodzilla 1 uncja Srebra 2021 Kolorowany,"225,00 zł",2$,Ag .999,,Private Mint,1 uncja,39 mm
Niue: Godzilla vs. King Kong 1 uncja Srebra 2021 Kolorowany,"225,00 zł",2$,Ag .999,,Private Mint,1 uncja,39 mm
Niue: Godzilla 1 uncja Srebra 2021 Kolorowany,"225,00 zł",2$,Ag .999,,Private Mint,1 uncja,39 mm
Niue: King Kong 1 uncja Srebra 2021 Kolorowany,"225,00 zł",2$,Ag .999,,Private Mint,1 uncja,39 mm
Niue: King Kong 1 uncja Srebra 2021 Slab,"195,00 zł",2$,Ag .999,,Private Mint,1 uncja,39 mm
Niue: Godzilla 1 uncja Srebra 2021 Slab,"195,00 zł",2$,Ag .999,,Private Mint,1 uncja,39 mm
Niue: King Kong 1 uncja Srebra 2021,"159,00 zł",2$,Ag .999,,Private Mint,1 uncja,39 mm
Niue: Godzilla 1 uncja Srebra 2021,"159,00 zł",2$,Ag .999,,Private Mint,1 uncja,39 mm
Tokelau: Zodiac Series - Byk 1 uncja Srebra 2021 ,"145,00 zł",5 $,Ag .999,Ząbkowany,,1 uncja,"38,6 mm"
Tokelau: Zodiac Series - Panna 1 uncja Srebra 2021 ,"145,00 zł",5 $,Ag .999,Ząbkowany,,1 uncja,"38,6 mm"
Tokelau: Zodiac Series - Skorpion 1 uncja Srebra 2021 ,"145,00 zł",5 $,Ag .999,Ząbkowany,,1 uncja,"38,6 mm"
Tokelau: Zodiac Series - Strzelec 1 uncja Srebra 2021 ,"145,00 zł",5 $,Ag .999,Ząbkowany,,1 uncja,"38,6 mm"
Grenada: Ośmiornica 1 uncja Srebra 2020,"150,00 zł",2$,Ag .999,Ząbkowany,Scottsdale Mint,1 uncja,39 mm
Ghana: Giants of the Ice Age - Niedźwiedź Jaskiniowy 1 uncja Srebra 2020,"149,00 zł",5 Cedis GHS,Ag .999,Ząbkowany,Leipziger Edelmetallverarbeitung,1 uncja,"38,6 mm"
African Wildlife: Słoń Somalijski 1 uncja Srebra 2021,"130,71 zł",100 Szylingów,Ag .9999,Ząbkowany,Bavarian Mint,1 uncja,39 mm
Quokka 1 uncja Srebra 2020,"159,00 zł",1 AUD,Ag .9999,Ząbkowany,Perth Mint,1 uncja,"40,9 mm"
Koala 1 uncja Srebra 2021,"140,76 zł",1$,Ag .9999,Ząbkowany,Perth Mint,1 uncja,"40,6 mm"
Rwanda: Lunar - Rok Bawoła 1 uncja Srebra 2021 Proof,"399,00 zł",50 RWF Franc,Ag .999,Ząbkowany,Private Mint,1 uncja,40 mm
Rwanda: Lunar - Rok Bawoła 1 uncja Srebra 2021,"189,00 zł",50 RWF Franc,Ag .999,Ząbkowany,Private Mint,1 uncja,40 mm
Australijski Emu 1 uncja Srebra 2020 MS 70 NGC First Day of Issue,"360,00 zł",1 AUD,Ag .9999,Ząbkowany,Perth Mint,1 uncja,"40,6 mm"
Chińskie Lwy (Double Pixiu) 1 uncja Srebra 2020,"158,77 zł",1 AUD,Ag .9999,Ząbkowany,Perth Mint,1 uncja,"40,6 mm"
Australijski Emu 1 uncja Srebra 2020 Proof,"200,00 zł",1 AUD,Ag .9999,Ząbkowany,Perth Mint,1 uncja,"40,6 mm"
Australijski Emu 1 uncja Srebra 2020,"171,96 zł",1 AUD,Ag .9999,Ząbkowany,Perth Mint,1 uncja,"40,6 mm"
Pingwin Czubaty 1 uncja Srebra 2020,"132,70 zł",1$,Ag .999,Ząbkowany,New Zealand Post,1 uncja,40 mm
Wielka Piątka: Nosorożec 1 Uncja Srebra 2020,"395,00 zł",5 Rand,Ag .999,Ząbkowany,The South Africa Mint,1 uncja,"38,7 mm"
Australijski Kangur 1 uncja Srebra 2020,"127,65 zł",1 AUD,Ag .9999,Ząbkowany naprzemiennie,Perth Mint,1 uncja,"40,6 mm"
Koala 1 uncja Srebra 2020,"185,98 zł",1$,Ag .9999,Ząbkowany,Perth Mint,1 uncja,"40,6 mm"
Australijski Emu 1 uncja Srebra 2018 Proof Certyfikat od 1 do 20,,1 AUD,Ag .9999,Ząbkowany,Perth Mint,1 uncja,"40,6 mm"
Australijski Emu 1 uncja Srebra 2019 Proof Certyfikat od 1 do 20,,1 AUD,Ag .9999,Ząbkowany,Perth Mint,1 uncja,"40,6 mm"
Australijski Emu 1 uncja Srebra 2019,"226,15 zł",1 AUD,Ag .9999,Ząbkowany,Perth Mint,1 uncja,"40,6 mm"
Australijski Emu 1 uncja Srebra 2019 Proof,"210,00 zł",1 AUD,Ag .9999,Ząbkowany,Perth Mint,1 uncja,"40,6 mm"
Australijski Emu 1 uncja Srebra 2018 Proof,"220,00 zł",1 AUD,Ag .9999,Ząbkowany,Perth Mint,1 uncja,"40,6 mm"
Orzeł Australijski 1 uncja Srebra 2018,"201,03 zł",1$,Ag .9999,Ząbkowany,Perth Mint,1 uncja,"40,6 mm"
Australijski Emu 1 uncja Srebra 2018,"299,53 zł",1 AUD,Ag .9999,Ząbkowany,Perth Mint,1 uncja,"40,6 mm"
Tokelau: Zodiac Series - Strzelec 1 uncja Srebra 2021 ,"145,00 zł",5 $,Ag .999,Ząbkowany,,1 uncja,"38,6 mm"
Tokelau: Zodiac Series - Ryby 1 uncja Srebra 2021 ,"145,00 zł",5 $,Ag .999,Ząbkowany,,1 uncja,"38,6 mm"
Tokelau: Zodiac Series - Waga 1 uncja Srebra 2021 ,"145,00 zł",5 $,Ag .999,Ząbkowany,,1 uncja,"38,6 mm"
Tokelau: Zodiac Series - Lew 1 uncja Srebra 2021 ,"145,00 zł",5 $,Ag .999,Ząbkowany,,1 uncja,"38,6 mm"
Tokelau: Zodiac Series - Bliźnięta 1 uncja Srebra 2021 ,"145,00 zł",5 $,Ag .999,Ząbkowany,,1 uncja,"38,6 mm"
Tokelau: Zodiac Series - Koziorożec 1 uncja Srebra 2021 ,"145,00 zł",5 $,Ag .999,Ząbkowany,,1 uncja,"38,6 mm"
Tokelau: Zodiac Series - Rak 1 uncja Srebra 2021 ,"145,00 zł",5 $,Ag .999,Ząbkowany,,1 uncja,"38,6 mm"
Tokelau: Zodiac Series - Baran 1 uncja Srebra 2021 ,"145,00 zł",5 $,Ag .999,Ząbkowany,,1 uncja,"38,6 mm"
Tokelau: Zodiac Series - Wodnik 1 uncja Srebra 2021 ,"145,00 zł",5 $,Ag .999,Ząbkowany,,1 uncja,"38,6 mm"
Congo: Prehistoric Life - Mamut 1 uncja Srebra 2021 ,"159,00 zł",20 Franc,Ag .999,Ząbkowany,,1 uncja,"38,6 mm"
Quokka 1 uncja Srebra 2021 Kolorowany Proof,"295,00 zł",1 AUD,Ag .9999,Ząbkowany,Perth Mint,1 uncja,"40,9 mm"
The Great Old One: Cthulhu 1 uncja Srebra 2021,"149,00 zł",2$,Ag .999,,Private Mint,1 uncja,39 mm
Anguilla: Coat of Arms 1 uncja Srebra 2020,"145,00 zł",2$,Ag .999,Ząbkowany,Scottsdale Mint,1 uncja,39 mm
Equilibrium 1 uncja Srebra 2018,"149,00 zł",5$,Ag .999,Ząbkowany,Pressburg Mint,1 uncja,38 mm
Wielka Piątka: Bawół 1 Uncja Srebra 2021,"299,00 zł",5 Rand,Ag .999,Ząbkowany,The South Africa Mint,1 uncja,"38,7 mm"
Saint Vincent i Grenadyny: Pax Et Justitia 1 uncja Srebra 2020,"145,00 zł",2$,Ag .999,Ząbkowany,Scottsdale Mint,1 uncja,39 mm
One Love 1 uncja Srebra 2021 Proof,"315,00 zł",1 AUD,Ag .9999,Ząbkowany,Perth Mint,1 uncja,"40,9 mm"
Urodziny 1 uncja Srebra 2021 Proof,"315,00 zł",1 AUD,Ag .9999,Ząbkowany,Perth Mint,1 uncja,"40,9 mm"
Amerykański Orzeł 1 uncja Srebra 2021,"183,25 zł",1$,Ag .999,Ząbkowany,United States Mint,1 uncja,"40,6 mm"
Krugerrand 1 uncja Srebra 2021,"130,91 zł",1 Rand,Ag .999,Ząbkowany,The South Africa Mint,1 uncja,"38,7 mm"
Kanadyjski Liść Klonowy 1 uncja Srebra 2021,"129,91 zł",5$,Ag .9999,Ząbkowany,Royal Canadian Mint,1 uncja,38 mm
Ślub 1 uncja Srebra 2021 Proof,"315,00 zł",1$,Ag .9999,Ząbkowany,Perth Mint,1 uncja,"40,9 mm"
Rwanda: African Ounce - Okapi 1 uncja Srebra 2021 Proof,"425,00 zł",50 RWF Franc,Ag .999,Ząbkowany,Bayer Mint,1 uncja,40 mm
Rwanda: African Ounce - Okapi 1 uncja Srebra 2021,"159,00 zł",50 RWF Franc,Ag .999,Ząbkowany,Bayer Mint,1 uncja,40 mm
Montserrat Oriole 1 uncja Srebra 2020,"150,00 zł",2$,Ag .999,Ząbkowany,Scottsdale Mint,1 uncja,39 mm
Ghana: Leopard 1 uncja Srebra 2020,"150,00 zł",5 CEDIS,Ag .999,Ząbkowany,Scottsdale Mint,1 uncja,"38,6 mm"
Kiwi 1 uncja Srebra 2019,"259,00 zł",1$,Ag .999,Ząbkowany,New Zealand Post,1 uncja,40 mm
Kiwi 1 uncja Srebra 2018,"259,00 zł",1$,Ag .999,Ząbkowany,New Zealand Post,1 uncja,40 mm
Kiwi 1 uncja Srebra 2017,"259,00 zł",1$,Ag .999,Ząbkowany,New Zealand Post,1 uncja,40 mm
Britannia 1 uncja Srebra 2021,"128,91 zł",£2,Ag .999,Ząbkowany,The Royal Mint,1 uncja,"38,61 mm"
